<!DOCTYPE dwr PUBLIC
    "-//GetAhead Limited//DTD Direct Web Remoting 2.0//EN"
    "http://directwebremoting.org/schema/dwr20.dtd">

<dwr>

  
  <!-- without allow, DWR isn't allowed to do anything -->
  <allow>
        <create creator="new" javascript="LoginAction">
    <param name="class" value="com.myapp.action.LoginAction"/>
        </create>
        <create creator="new" javascript="EmployeeAction">
    <param name="class" value="com.myapp.action.EmployeeAction"/>
    </create>
  </allow>
</dwr>