<?xml version="1.0"?>
<!DOCTYPE hibernate-mapping PUBLIC "-//Hibernate/Hibernate Mapping DTD 3.0//EN"
"http://www.hibernate.org/dtd/hibernate-mapping-3.0.dtd">
<!-- Generated May 25, 2017 8:05:24 AM by Hibernate Tools 4.3.1 -->
<hibernate-mapping>
    <class name="com.myapp.pojo.Salaries" table="salaries" catalog="employees" optimistic-lock="version">
        <composite-id name="id" class="com.myapp.pojo.SalariesId">
            <key-property name="empNo" type="int">
                <column name="emp_no" />
            </key-property>
            <key-property name="fromDate" type="date">
                <column name="from_date" length="10" />
            </key-property>
        </composite-id>
        <many-to-one name="employees" class="com.myapp.pojo.Employees" update="false" insert="false" fetch="select">
            <column name="emp_no" not-null="true" />
        </many-to-one>
        <property name="salary" type="int">
            <column name="salary" not-null="true" />
        </property>
        <property name="toDate" type="date">
            <column name="to_date" length="10" not-null="true" />
        </property>
    </class>
</hibernate-mapping>
