<?xml version="1.0" encoding="UTF-8"?>
<!DOCTYPE hibernate-configuration PUBLIC "-//Hibernate/Hibernate Configuration DTD 3.0//EN" "http://hibernate.sourceforge.net/hibernate-configuration-3.0.dtd">
<hibernate-configuration>
  <session-factory name="session1">
    <property name="hibernate.dialect">org.hibernate.dialect.MySQLDialect</property>
    <property name="hibernate.connection.driver_class">com.mysql.jdbc.Driver</property>
    <property name="hibernate.connection.url">jdbc:mysql://localhost:3306/employees?zeroDateTimeBehavior=convertToNull</property>
    <property name="hibernate.connection.username">ravi</property>
    <property name="hibernate.connection.password">ravi</property>
    <property name="hibernate.current_session_context_class">thread</property>
    <property name="hibernate.query.factory_class">org.hibernate.hql.internal.classic.ClassicQueryTranslatorFactory</property>
    <property name="hibernate.show_sql">true</property>
    <mapping resource="com/myapp/pojo/DeptManager.hbm.xml"/>
    <mapping resource="com/myapp/pojo/DeptEmp.hbm.xml"/>
    <mapping resource="com/myapp/pojo/Employees.hbm.xml"/>
    <mapping resource="com/myapp/pojo/Titles.hbm.xml"/>
    <mapping resource="com/myapp/pojo/Salaries.hbm.xml"/>
    <mapping resource="com/myapp/pojo/Departments.hbm.xml"/>
  </session-factory>
</hibernate-configuration>
