<?xml version="1.0" encoding="UTF-8"?>
<project-private xmlns="http://www.netbeans.org/ns/project-private/1">
    <editor-bookmarks xmlns="http://www.netbeans.org/ns/editor-bookmarks/2" lastBookmarkId="0"/>
    <open-files xmlns="http://www.netbeans.org/ns/projectui-open-files/2">
        <group>
            <file>file:/home/ravi/cvs/STP/src/java/com/myapp/action/LoginAction.java</file>
            <file>file:/home/ravi/cvs/STP/src/java/hibernate.cfg.xml</file>
            <file>file:/home/ravi/cvs/STP/web/WEB-INF/struts-config.xml</file>
            <file>file:/home/ravi/cvs/STP/web/index.jsp</file>
            <file>file:/home/ravi/cvs/STP/web/WEB-INF/web.xml</file>
            <file>file:/home/ravi/cvs/STP/src/java/com/myapp/action/EmployeeAction.java</file>
        </group>
    </open-files>
</project-private>
